{
  "script": "the artist",
  "heading1": "Songs that feel like",
  "heading2": "coming home",
  "pull_quote": "rooted, restless, real.",
  "bio1": "Leilani is a singer, songwriter, and storyteller whose music lives at the intersection of alternative soul and indie R&B — raw, introspective, and undeniably human.",
  "bio2": "Raised on the sounds of late nights and early mornings, her work carries a quiet intensity — lush vocals layered over moody production, lyrics that reach into the parts of yourself you forgot you left behind.",
  "bio3": "Her debut EP has collected over 2 million streams, and her live shows have become known as deeply intimate, unforgettable experiences.",
  "photo": ""
}
